Country Name,Indicator Name,2006,2007,2008,2009,2010,2011,2012,2013,2014,2015,2016
Aruba,"Life expectancy at birth, total (years)",74.429,74.576,74.725,74.872,75.016,75.158,75.299,75.44,75.582,75.725,75.867
Afghanistan,"Life expectancy at birth, total (years)",59.11,59.694,60.243,60.754,61.226,61.666,62.086,62.494,62.895,63.288,63.673
Angola,"Life expectancy at birth, total (years)",53.974,55.096,56.189,57.231,58.192,59.042,59.77,60.373,60.858,61.241,61.547
Albania,"Life expectancy at birth, total (years)",75.418,75.656,75.943,76.281,76.652,77.031,77.389,77.702,77.963,78.174,78.345
Andorra,"Life expectancy at birth, total (years)",,,,,,,,,,,
Arab World,"Life expectancy at birth, total (years)",69.18636508,69.4245522,69.64697028,69.8514339,70.04105435,70.22389424,70.40801569,70.59829816,70.79395747,70.99454147,71.19845637
United Arab Emirates,"Life expectancy at birth, total (years)",75.632,75.828,76.012,76.183,76.344,76.498,76.648,76.798,76.948,77.101,77.256
Argentina,"Life expectancy at birth, total (years)",74.941,75.105,75.268,75.431,75.595,75.761,75.926,76.089,76.252,76.415,76.577
Armenia,"Life expectancy at birth, total (years)",72.715,72.815,72.946,73.119,73.331,73.571,73.814,74.044,74.255,74.445,74.618
American Samoa,"Life expectancy at birth, total (years)",,,,,,,,,,,
Antigua and Barbuda,"Life expectancy at birth, total (years)",74.727,74.905,75.078,75.247,75.412,75.574,75.733,75.892,76.05,76.207,76.364
Australia,"Life expectancy at birth, total (years)",81.04146341,81.29268293,81.39512195,81.54390244,81.69512195,81.89512195,82.04634146,82.14878049,82.3,82.4,82.5
Austria,"Life expectancy at birth, total (years)",79.8804878,80.1804878,80.43170732,80.33170732,80.5804878,80.98292683,80.93658537,81.13658537,81.4902439,81.1902439,80.8902439
Azerbaijan,"Life expectancy at birth, total (years)",69.269,69.774,70.238,70.646,70.987,71.26,71.478,71.656,71.8,71.921,72.026
Burundi,"Life expectancy at birth, total (years)",53.09,53.492,53.926,54.386,54.861,55.338,55.807,56.259,56.688,57.094,57.481
Belgium,"Life expectancy at birth, total (years)",79.3804878,79.78292683,79.6804878,80.03414634,80.18292683,80.58536585,80.38536585,80.58780488,81.28780488,80.99268293,80.99268293
Benin,"Life expectancy at birth, total (years)",57.817,58.255,58.654,59.009,59.319,59.595,59.855,60.113,60.373,60.639,60.907
Burkina Faso,"Life expectancy at birth, total (years)",54.063,54.841,55.618,56.376,57.096,57.762,58.377,58.942,59.457,59.927,60.361
Bangladesh,"Life expectancy at birth, total (years)",68.403,68.861,69.312,69.759,70.198,70.626,71.039,71.431,71.803,72.155,72.489
Bulgaria,"Life expectancy at birth, total (years)",72.61219512,72.66341463,72.96341463,73.41219512,73.51219512,74.16341463,74.31463415,74.86097561,74.46585366,74.61463415,74.61463415
Bahrain,"Life expectancy at birth, total (years)",75.478,75.625,75.77,75.913,76.056,76.199,76.341,76.482,76.622,76.761,76.9
"Bahamas, The","Life expectancy at birth, total (years)",74.012,74.218,74.41,74.591,74.761,74.923,75.079,75.23,75.379,75.527,75.675
Bosnia and Herzegovina,"Life expectancy at birth, total (years)",75.353,75.486,75.619,75.758,75.905,76.06,76.223,76.39,76.561,76.735,76.911
Belarus,"Life expectancy at birth, total (years)",69.40487805,70.20731707,70.45609756,70.40731707,70.40487805,70.55365854,71.96585366,72.47073171,72.97073171,73.62439024,73.82682927
Belize,"Life expectancy at birth, total (years)",69.218,69.385,69.517,69.611,69.676,69.731,69.798,69.895,70.027,70.192,70.384
Bermuda,"Life expectancy at birth, total (years)",78.88780488,78.93414634,79.23658537,79.38843902,79.28853659,81.15268293,81.67780488,80.57243902,80.79731707,81.01219512,81.22707317
Bolivia,"Life expectancy at birth, total (years)",64.113,64.692,65.272,65.847,66.408,66.945,67.451,67.922,68.357,68.756,69.125
Brazil,"Life expectancy at birth, total (years)",72.405,72.768,73.129,73.488,73.838,74.174,74.488,74.777,75.042,75.284,75.509
Barbados,"Life expectancy at birth, total (years)",74.324,74.486,74.648,74.811,74.973,75.133,75.292,75.448,75.603,75.755,75.906
Brunei Darussalam,"Life expectancy at birth, total (years)",76.455,76.577,76.656,76.699,76.719,76.734,76.764,76.823,76.917,77.046,77.203
Bhutan,"Life expectancy at birth, total (years)",65.578,66.214,66.792,67.315,67.79,68.227,68.639,69.038,69.43,69.817,70.197
Botswana,"Life expectancy at birth, total (years)",53.695,55.312,56.919,58.45,59.868,61.179,62.425,63.63,64.78,65.846,66.797
Central African Republic,"Life expectancy at birth, total (years)",44.967,45.552,46.19,46.862,47.56,48.284,49.041,49.825,50.621,51.41,52.171
Canada,"Life expectancy at birth, total (years)",80.29268293,80.54390244,80.69512195,80.94634146,81.19756098,81.44878049,81.5835122,81.77204878,81.95304878,82.12902439,82.3005122
Central Europe and the Baltics,"Life expectancy at birth, total (years)",74.09472478,74.25238333,74.57753902,74.9318257,75.29534873,75.88847488,75.9934886,76.35516299,76.68547642,76.59107024,76.60317678
Switzerland,"Life expectancy at birth, total (years)",81.4902439,81.74146341,81.99268293,82.04390244,82.24634146,82.69512195,82.69756098,82.79756098,83.19756098,82.89756098,82.89756098
Channel Islands,"Life expectancy at birth, total (years)",79.241,79.493,79.729,79.947,80.145,80.326,80.494,80.654,80.807,80.958,81.107
Chile,"Life expectancy at birth, total (years)",77.934,78.066,78.193,78.32,78.454,78.599,78.758,78.931,79.117,79.315,79.522
China,"Life expectancy at birth, total (years)",74.291,74.562,74.808,75.032,75.236,75.425,75.602,75.769,75.932,76.092,76.252
Cote d'Ivoire,"Life expectancy at birth, total (years)",48.183,48.747,49.321,49.883,50.423,50.945,51.463,51.989,52.52,53.053,53.582
Cameroon,"Life expectancy at birth, total (years)",53.494,54.033,54.535,54.996,55.424,55.832,56.241,56.665,57.111,57.582,58.073
"Congo, Dem. Rep.","Life expectancy at birth, total (years)",54.401,55.091,55.743,56.35,56.907,57.418,57.894,58.347,58.782,59.205,59.621
"Congo, Rep.","Life expectancy at birth, total (years)",55.881,57.115,58.321,59.452,60.473,61.37,62.169,62.89,63.536,64.112,64.625
Colombia,"Life expectancy at birth, total (years)",72.532,72.749,72.952,73.143,73.325,73.5,73.673,73.847,74.022,74.2,74.381
Comoros,"Life expectancy at birth, total (years)",60.407,60.734,61.094,61.475,61.862,62.24,62.596,62.923,63.216,63.473,63.701
Cabo Verde,"Life expectancy at birth, total (years)",71.842,71.869,71.881,71.899,71.941,72.019,72.127,72.259,72.418,72.599,72.798
Costa Rica,"Life expectancy at birth, total (years)",78.234,78.355,78.481,78.613,78.756,78.911,79.077,79.254,79.44,79.634,79.831
Caribbean small states,"Life expectancy at birth, total (years)",71.34540591,71.58238536,71.81658119,72.04214711,72.25239203,72.44463184,72.61917985,72.77917989,72.92618028,73.0627324,73.1924085
Cuba,"Life expectancy at birth, total (years)",78.225,78.469,78.672,78.833,78.959,79.064,79.167,79.282,79.415,79.57,79.742
Curacao,"Life expectancy at birth, total (years)",74.7097561,75.36341463,75.3097561,76.15609756,,77.47317073,,,77.82439024,,77.87317073
Cayman Islands,"Life expectancy at birth, total (years)",,,,,82.1902439,,,,,,
Cyprus,"Life expectancy at birth, total (years)",78.764,78.911,79.071,79.245,79.43,79.62,79.81,79.995,80.173,80.344,80.508
Czech Republic,"Life expectancy at birth, total (years)",76.52439024,76.72439024,76.97560976,77.07804878,77.42439024,77.87317073,78.07560976,78.17560976,78.82439024,78.57804878,78.33170732
Germany,"Life expectancy at birth, total (years)",79.13170732,79.53414634,79.73658537,79.83658537,79.98780488,80.43658537,80.53902439,80.4902439,81.0902439,80.64146341,80.64146341
Djibouti,"Life expectancy at birth, total (years)",58.393,58.848,59.345,59.865,60.383,60.87,61.31,61.691,62.006,62.26,62.465
Dominica,"Life expectancy at birth, total (years)",,,,,,,,,,,
Denmark,"Life expectancy at birth, total (years)",78.09512195,78.19512195,78.44634146,78.59756098,79.1,79.8,80.05121951,80.3,80.7,80.70243902,80.70487805
Dominican Republic,"Life expectancy at birth, total (years)",71.862,72.078,72.29,72.498,72.702,72.901,73.098,73.292,73.483,73.673,73.861
Algeria,"Life expectancy at birth, total (years)",73.225,73.648,74.032,74.374,74.676,74.944,75.187,75.418,75.641,75.86,76.078
East Asia & Pacific (excluding high income),"Life expectancy at birth, total (years)",72.59507692,72.84129067,73.07029659,73.28364889,73.4823447,73.66913485,73.84581764,74.01349101,74.17624122,74.33497357,74.49253256
Early-demographic dividend,"Life expectancy at birth, total (years)",66.47951379,66.84532278,67.21738361,67.59017772,67.95573244,68.30810435,68.64277594,68.95765752,69.24863965,69.51694097,69.76627113
East Asia & Pacific,"Life expectancy at birth, total (years)",73.51581179,73.76101043,73.98083881,74.20726279,74.38391497,74.54606413,74.7411842,74.91907089,75.08600807,75.24891543,75.39573195
Europe & Central Asia (excluding high income),"Life expectancy at birth, total (years)",69.14384877,69.6456652,69.93801849,70.5334048,70.83656899,71.39912239,71.72322498,72.11527238,72.31902616,72.58380609,72.86678263
Europe & Central Asia,"Life expectancy at birth, total (years)",74.63433903,74.9905085,75.24749348,75.64077004,75.92923514,76.44174651,76.58834999,76.90133554,77.21746581,77.15649506,77.28210818
Ecuador,"Life expectancy at birth, total (years)",74.322,74.501,74.678,74.859,75.046,75.244,75.449,75.661,75.879,76.102,76.327
"Egypt, Arab Rep.","Life expectancy at birth, total (years)",69.618,69.797,69.98,70.167,70.357,70.55,70.742,70.933,71.12,71.304,71.484
Euro area,"Life expectancy at birth, total (years)",79.85613241,80.0998851,80.30291584,80.50518158,80.746781,81.23280795,81.22711307,81.51299023,81.93339937,81.55969302,81.5596179
Eritrea,"Life expectancy at birth, total (years)",59.472,60.23,60.94,61.591,62.181,62.718,63.22,63.703,64.174,64.636,65.092
Spain,"Life expectancy at birth, total (years)",80.82195122,80.87317073,81.17560976,81.47560976,81.62682927,82.47560976,82.42682927,83.07804878,83.22926829,82.83170732,82.83170732
Estonia,"Life expectancy at birth, total (years)",72.69146341,72.81463415,73.77073171,74.82439024,75.42926829,76.22926829,76.32682927,77.14146341,77.03414634,77.5902439,77.73658537
Ethiopia,"Life expectancy at birth, total (years)",57.333,58.466,59.58,60.643,61.625,62.501,63.275,63.952,64.535,65.037,65.475
European Union,"Life expectancy at birth, total (years)",78.73904259,78.96830053,79.18314331,79.44231191,79.72484897,80.23987134,80.25120666,80.53267167,80.92124172,80.61408608,80.62048973
Fragile and conflict affected situations,"Life expectancy at birth, total (years)",58.55728277,59.00354234,59.44162931,59.86329537,60.26354118,60.64474722,61.01381367,61.37457971,61.7258763,62.06611805,62.39652681
Finland,"Life expectancy at birth, total (years)",79.21463415,79.26341463,79.56829268,79.7195122,79.87073171,80.47073171,80.62682927,80.97560976,81.1804878,81.4804878,81.7804878
Fiji,"Life expectancy at birth, total (years)",68.569,68.737,68.909,69.087,69.267,69.448,69.625,69.796,69.96,70.117,70.269
France,"Life expectancy at birth, total (years)",80.81219512,81.11219512,81.21463415,81.41463415,81.66341463,82.11463415,81.96829268,82.2195122,82.67073171,82.27317073,82.27317073
Faroe Islands,"Life expectancy at birth, total (years)",79.63902439,79.88780488,80.18780488,80.38780488,80.63658537,80.88780488,81.18780488,81.43902439,81.6902439,81.9902439,82.24146341
"Micronesia, Fed. Sts.","Life expectancy at birth, total (years)",68.115,68.251,68.375,68.484,68.582,68.673,68.765,68.862,68.966,69.078,69.195
Gabon,"Life expectancy at birth, total (years)",60.388,60.969,61.597,62.247,62.893,63.519,64.119,64.686,65.211,65.685,66.105
United Kingdom,"Life expectancy at birth, total (years)",79.24878049,79.44878049,79.6,80.05121951,80.40243902,80.95121951,80.90487805,81.00487805,81.30487805,80.95609756,80.95609756
Georgia,"Life expectancy at birth, total (years)",72.73,72.704,72.673,72.65,72.649,72.68,72.742,72.832,72.951,73.096,73.261
Ghana,"Life expectancy at birth, total (years)",59.167,59.663,60.128,60.55,60.924,61.254,61.561,61.86,62.154,62.448,62.742
Gibraltar,"Life expectancy at birth, total (years)",,,,,,,,,,,
Guinea,"Life expectancy at birth, total (years)",53.972,54.775,55.521,56.185,56.765,57.282,57.782,58.301,58.846,59.419,60.015
"Gambia, The","Life expectancy at birth, total (years)",58.289,58.648,58.991,59.316,59.622,59.911,60.187,60.452,60.707,60.954,61.193
Guinea-Bissau,"Life expectancy at birth, total (years)",53.663,53.991,54.333,54.687,55.05,55.424,55.807,56.2,56.598,57,57.403
Equatorial Guinea,"Life expectancy at birth, total (years)",54.55,54.858,55.19,55.543,55.908,56.265,56.601,56.905,57.18,57.434,57.681
Greece,"Life expectancy at birth, total (years)",79.43902439,79.43902439,79.93902439,80.18780488,80.38780488,80.73170732,80.63414634,81.28536585,81.38536585,81.03658537,81.03658537
Grenada,"Life expectancy at birth, total (years)",71.667,71.903,72.142,72.383,72.618,72.84,73.044,73.227,73.388,73.531,73.659
Greenland,"Life expectancy at birth, total (years)",69.51926829,69.98268293,70.21341463,70.46780488,70.85707317,71.06243902,71.29902439,71.8304878,,,
Guatemala,"Life expectancy at birth, total (years)",70.085,70.415,70.76,71.122,71.494,71.867,72.227,72.562,72.869,73.15,73.409
Guam,"Life expectancy at birth, total (years)",76.956,77.249,77.543,77.84,78.134,78.419,78.689,78.938,79.168,79.379,79.575
Guyana,"Life expectancy at birth, total (years)",65.642,65.741,65.836,65.929,66.022,66.117,66.216,66.318,66.425,66.536,66.65
High income,"Life expectancy at birth, total (years)",78.98739972,79.22238865,79.36634864,79.64253115,79.81886244,80.05944099,80.17537961,80.35581732,80.61587583,80.49541971,80.52671329
"Hong Kong SAR, China","Life expectancy at birth, total (years)",82.37560976,82.32682927,82.37560976,82.77560976,82.97804878,83.42195122,83.4804878,83.83170732,83.9804878,84.27804878,84.22682927
Honduras,"Life expectancy at birth, total (years)",71.724,71.911,72.093,72.27,72.446,72.624,72.805,72.99,73.181,73.376,73.575
Heavily indebted poor countries (HIPC),"Life expectancy at birth, total (years)",56.1291451,56.88855783,57.62981792,58.33812485,59.00159342,59.61458962,60.18332479,60.71321088,61.20479335,61.65997345,62.08175389
Croatia,"Life expectancy at birth, total (years)",75.83682927,75.70560976,75.91219512,76.16829268,76.47560976,76.77560976,76.92439024,77.12682927,77.47804878,77.27560976,78.02195122
Haiti,"Life expectancy at birth, total (years)",59.61,60.023,60.448,60.876,61.296,61.699,62.078,62.432,62.757,63.055,63.33
Hungary,"Life expectancy at birth, total (years)",73.09756098,73.15121951,73.70243902,73.90487805,74.20731707,74.85853659,75.06341463,75.56585366,75.76341463,75.56829268,75.56829268
IBRD only,"Life expectancy at birth, total (years)",70.1111441,70.42183208,70.71103657,71.02264298,71.30433668,71.60005552,71.85945502,72.11388158,72.34133478,72.55575227,72.76270785
IDA & IBRD total,"Life expectancy at birth, total (years)",67.60175262,67.94661757,68.27372527,68.61407294,68.92426705,69.23738138,69.51606334,69.78467477,70.02673628,70.25307578,70.46864735
IDA total,"Life expectancy at birth, total (years)",59.07425486,59.64413954,60.20401591,60.741829,61.2473614,61.71612151,62.15095623,62.55714351,62.93619516,63.28970182,63.62071912
IDA blend,"Life expectancy at birth, total (years)",57.4321447,57.93924431,58.45229232,58.95741046,59.44707019,59.90258032,60.31664642,60.69952566,61.05037178,61.37007175,61.66244827
Indonesia,"Life expectancy at birth, total (years)",67.386,67.581,67.775,67.964,68.15,68.331,68.509,68.684,68.856,69.025,69.191
IDA only,"Life expectancy at birth, total (years)",59.88159353,60.48178852,61.06453132,61.61860723,62.1330488,62.60963441,63.05552471,63.47414213,63.86805549,64.23904036,64.58966602
Isle of Man,"Life expectancy at birth, total (years)",,,,,,,,,,,
India,"Life expectancy at birth, total (years)",64.966,65.383,65.802,66.219,66.625,67.013,67.377,67.714,68.021,68.302,68.56
Not classified,"Life expectancy at birth, total (years)",,,,,,,,,,,
Ireland,"Life expectancy at birth, total (years)",79.24146341,79.64146341,80.09512195,80.1902439,80.74390244,80.74634146,80.84634146,81,81.34878049,81.45365854,81.60731707
"Iran, Islamic Rep.","Life expectancy at birth, total (years)",72.259,72.635,73.044,73.481,73.932,74.375,74.787,75.153,75.466,75.73,75.953
Iraq,"Life expectancy at birth, total (years)",68.217,68.156,68.177,68.283,68.465,68.702,68.963,69.219,69.458,69.672,69.862
Iceland,"Life expectancy at birth, total (years)",81.15853659,81.45365854,81.6097561,81.75121951,81.89756098,82.35853659,82.91707317,82.06097561,82.86097561,82.46829268,82.46829268
Israel,"Life expectancy at birth, total (years)",80.55365854,80.50487805,80.95121951,81.40487805,81.60243902,81.65609756,81.70487805,82.05609756,82.15365854,82.05121951,82.40731707
Italy,"Life expectancy at birth, total (years)",81.28292683,81.43414634,81.48536585,81.63658537,82.03658537,82.18780488,82.23902439,82.6902439,83.0902439,82.54390244,82.54390244
Jamaica,"Life expectancy at birth, total (years)",73.739,74.038,74.334,74.619,74.883,75.122,75.334,75.523,75.689,75.836,75.97
Jordan,"Life expectancy at birth, total (years)",72.76,72.924,73.087,73.25,73.412,73.571,73.729,73.883,74.034,74.182,74.329
Japan,"Life expectancy at birth, total (years)",82.32195122,82.50707317,82.58756098,82.93146341,82.84268293,82.59121951,83.09609756,83.33195122,83.58780488,83.79390244,83.98487805
Kazakhstan,"Life expectancy at birth, total (years)",66.16097561,66.50487805,67.02195122,68.42926829,68.29536585,68.98,69.61,70.45,71.62,72,72.3
Kenya,"Life expectancy at birth, total (years)",57.271,58.784,60.275,61.68,62.936,64.008,64.907,65.651,66.242,66.695,67.032
Kyrgyz Republic,"Life expectancy at birth, total (years)",67.69512195,67.89512195,68.45121951,69.10243902,69.3,69.60243902,70.00243902,70.20243902,70.40243902,70.65121951,70.95121951
Cambodia,"Life expectancy at birth, total (years)",63.927,64.695,65.391,66.01,66.555,67.034,67.466,67.868,68.251,68.62,68.981
Kiribati,"Life expectancy at birth, total (years)",64.961,65.054,65.146,65.244,65.354,65.481,65.623,65.78,65.949,66.13,66.317
St. Kitts and Nevis,"Life expectancy at birth, total (years)",,,,,,,,,,,
"Korea, Rep.","Life expectancy at birth, total (years)",78.66829268,79.1195122,79.51707317,79.96829268,80.11707317,80.56829268,80.8195122,81.27073171,81.72195122,82.02439024,82.02439024
Kuwait,"Life expectancy at birth, total (years)",73.584,73.67,73.764,73.868,73.979,74.096,74.217,74.338,74.458,74.577,74.694
Latin America & Caribbean (excluding high income),"Life expectancy at birth, total (years)",73.05277907,73.3112375,73.56510974,73.81587338,74.06203355,74.30338762,74.53728175,74.76282854,74.98084086,75.19178727,75.39736291
Lao PDR,"Life expectancy at birth, total (years)",62.348,62.886,63.402,63.893,64.357,64.795,65.208,65.6,65.975,66.335,66.683
Lebanon,"Life expectancy at birth, total (years)",77.187,77.553,77.881,78.173,78.43,78.656,78.86,79.05,79.231,79.409,79.584
Liberia,"Life expectancy at birth, total (years)",56.136,57.207,58.167,58.977,59.631,60.155,60.615,61.066,61.527,62.007,62.505
Libya,"Life expectancy at birth, total (years)",71.521,71.629,71.681,71.679,71.643,71.598,71.574,71.592,71.659,71.776,71.934
St. Lucia,"Life expectancy at birth, total (years)",73.393,73.728,74.02,74.265,74.465,74.633,74.788,74.947,75.117,75.3,75.496
Latin America & Caribbean,"Life expectancy at birth, total (years)",73.24038745,73.49143242,73.73474094,73.9804709,74.22200287,74.45905564,74.68841917,74.91105226,75.12719402,75.33548439,75.54008252
Least developed countries: UN classification,"Life expectancy at birth, total (years)",59.31391369,59.95961927,60.59195705,61.20192894,61.77919814,62.31687056,62.81598745,63.27765038,63.70171696,64.08958665,64.44519781
Low income,"Life expectancy at birth, total (years)",56.38893371,57.15061026,57.90228092,58.63003362,59.3207682,59.96588078,60.56668256,61.12468445,61.63847585,62.10844946,62.53737349
Liechtenstein,"Life expectancy at birth, total (years)",80.94878049,81.29512195,82.68292683,81.5,81.84146341,81.79268293,82.38292683,82.26097561,82.07317073,82.65609756,82.65609756
Sri Lanka,"Life expectancy at birth, total (years)",74.059,74.144,74.207,74.27,74.352,74.462,74.593,74.741,74.906,75.088,75.284
Lower middle income,"Life expectancy at birth, total (years)",64.81358212,65.17816237,65.53909848,65.90905137,66.26715305,66.59869559,66.90431262,67.19166469,67.45556185,67.7015071,67.93658421
Low & middle income,"Life expectancy at birth, total (years)",67.54154583,67.8882314,68.21593443,68.55820994,68.86800198,69.18145128,69.46287064,69.73273538,69.97352029,70.20295517,70.4203973
Lesotho,"Life expectancy at birth, total (years)",47.266,48.171,49.112,50.014,50.826,51.53,52.158,52.738,53.268,53.745,54.174
Late-demographic dividend,"Life expectancy at birth, total (years)",73.34812969,73.66244033,73.93034808,74.21740985,74.4430068,74.71365863,74.92667227,75.1482019,75.34286958,75.52951899,75.71565404
Lithuania,"Life expectancy at birth, total (years)",71.05609756,70.9,71.81219512,72.91463415,73.26829268,73.56341463,73.86341463,73.91463415,74.51707317,74.32195122,74.32195122
Luxembourg,"Life expectancy at birth, total (years)",79.28780488,79.38292683,80.53902439,80.63658537,80.63170732,80.98780488,81.39268293,81.8,82.22926829,82.29268293,82.29268293
Latvia,"Life expectancy at birth, total (years)",70.86585366,71.0195122,72.4195122,73.0804878,73.48292683,73.57560976,73.77804878,73.98292683,74.12439024,74.4804878,74.52926829
"Macao SAR, China","Life expectancy at birth, total (years)",81.748,81.981,82.22,82.462,82.704,82.937,83.155,83.355,83.536,83.7,83.849
St. Martin (French part),"Life expectancy at birth, total (years)",78.07073171,78.22195122,78.37073171,78.57073171,78.72195122,78.87073171,79.02195122,79.17073171,79.32195122,79.47073171,79.62195122
Morocco,"Life expectancy at birth, total (years)",72.029,72.58,73.097,73.572,73.999,74.377,74.717,75.026,75.309,75.573,75.821
Monaco,"Life expectancy at birth, total (years)",,,,,,,,,,,
Moldova,"Life expectancy at birth, total (years)",68.022,68.302,68.671,69.119,69.616,70.117,70.577,70.961,71.258,71.468,71.61
Madagascar,"Life expectancy at birth, total (years)",61.65,62.079,62.509,62.944,63.388,63.836,64.28,64.713,65.133,65.539,65.932
Maldives,"Life expectancy at birth, total (years)",74.771,75.269,75.648,75.92,76.112,76.259,76.401,76.571,76.783,77.042,77.339
Middle East & North Africa,"Life expectancy at birth, total (years)",71.36338663,71.59897162,71.83395358,72.0600866,72.27176961,72.47396937,72.67548122,72.88484671,73.08758582,73.28549664,73.49145865
Mexico,"Life expectancy at birth, total (years)",75.505,75.656,75.802,75.948,76.096,76.251,76.412,76.579,76.753,76.933,77.118
Marshall Islands,"Life expectancy at birth, total (years)",,,,,,,,,,,
Middle income,"Life expectancy at birth, total (years)",68.66506374,68.98691206,69.28775748,69.60612879,69.89162032,70.185237,70.44732847,70.70047982,70.92546595,71.14206893,71.34934089
"Macedonia, FYR","Life expectancy at birth, total (years)",74.077,74.18,74.305,74.457,74.632,74.824,75.019,75.207,75.384,75.549,75.703
Mali,"Life expectancy at birth, total (years)",52.839,53.553,54.193,54.756,55.249,55.694,56.122,56.556,57.007,57.478,57.966
Malta,"Life expectancy at birth, total (years)",79.43902439,79.79268293,79.63658537,80.24146341,81.39756098,80.74634146,80.74634146,81.74634146,81.94634146,81.79756098,81.79756098
Myanmar,"Life expectancy at birth, total (years)",63.88,64.181,64.501,64.838,65.178,65.506,65.805,66.066,66.285,66.464,66.612
Middle East & North Africa (excluding high income),"Life expectancy at birth, total (years)",70.85680653,71.09885257,71.32866925,71.54629211,71.754805,71.95932788,72.1641462,72.37149736,72.57882985,72.78573636,72.99192022
Montenegro,"Life expectancy at birth, total (years)",73.834,74.116,74.462,74.858,75.28,75.7,76.089,76.43,76.712,76.938,77.116
Mongolia,"Life expectancy at birth, total (years)",65.539,65.987,66.449,66.92,67.383,67.82,68.215,68.558,68.847,69.087,69.287
Northern Mariana Islands,"Life expectancy at birth, total (years)",,,,,,,,,,,
Mozambique,"Life expectancy at birth, total (years)",52.079,52.785,53.459,54.096,54.7,55.288,55.878,56.483,57.099,57.714,58.311
Mauritania,"Life expectancy at birth, total (years)",60.952,61.199,61.461,61.73,61.997,62.253,62.492,62.711,62.907,63.082,63.238
Mauritius,"Life expectancy at birth, total (years)",72.43219512,72.57073171,72.57073171,72.88243902,72.96731707,73.26682927,73.86341463,74.01707317,74.19439024,74.35317073,74.39487805
Malawi,"Life expectancy at birth, total (years)",51.163,52.63,54.177,55.745,57.263,58.667,59.927,61.02,61.932,62.661,63.223
Malaysia,"Life expectancy at birth, total (years)",73.577,73.704,73.852,74.022,74.21,74.408,74.606,74.797,74.976,75.143,75.3
North America,"Life expectancy at birth, total (years)",77.94434805,78.23954091,78.30097125,78.64290788,78.8046116,78.92051971,79.02514782,79.04494808,79.15402677,79.03602192,79.05493458
Namibia,"Life expectancy at birth, total (years)",53.983,54.712,55.697,56.883,58.189,59.527,60.815,61.982,62.981,63.782,64.388
New Caledonia,"Life expectancy at birth, total (years)",76.07560976,76.47804878,76.6804878,76.9804878,77.25912213,76.64683538,77.06907036,77.17621087,77.2528726,77.24430351,76.96150074
Niger,"Life expectancy at birth, total (years)",53.849,54.593,55.35,56.105,56.838,57.528,58.16,58.727,59.228,59.667,60.058
Nigeria,"Life expectancy at birth, total (years)",48.802,49.356,49.887,50.385,50.847,51.279,51.699,52.121,52.549,52.985,53.428
Nicaragua,"Life expectancy at birth, total (years)",72.313,72.677,73.028,73.369,73.699,74.016,74.319,74.608,74.884,75.149,75.404
Netherlands,"Life expectancy at birth, total (years)",79.69756098,80.09756098,80.25121951,80.54878049,80.70243902,81.20487805,81.10487805,81.30487805,81.70731707,81.5097561,81.5097561
Norway,"Life expectancy at birth, total (years)",80.34390244,80.39512195,80.59268293,80.79512195,80.99756098,81.29512195,81.45121951,81.75121951,82.1,82.30487805,82.5097561
Nepal,"Life expectancy at birth, total (years)",66.066,66.565,67.036,67.484,67.914,68.329,68.732,69.126,69.511,69.887,70.253
Nauru,"Life expectancy at birth, total (years)",,,,,,,,,,,
New Zealand,"Life expectancy at birth, total (years)",80.04878049,80.15121951,80.35121951,80.70243902,80.70243902,80.90487805,81.15609756,81.40731707,81.40487805,81.45682927,81.61243902
OECD members,"Life expectancy at birth, total (years)",78.52106189,78.75919963,78.91501989,79.18115559,79.36096556,79.60327158,79.72424886,79.90084211,80.16407043,80.06720862,80.12430723
Oman,"Life expectancy at birth, total (years)",74.58,74.898,75.188,75.451,75.694,75.922,76.141,76.358,76.578,76.801,77.029
Other small states,"Life expectancy at birth, total (years)",62.27988576,62.92000979,63.60937429,64.31274922,64.94919075,65.52609662,66.07778138,66.54676562,66.96568268,67.35743151,67.68658803
Pakistan,"Life expectancy at birth, total (years)",64.06,64.303,64.565,64.845,65.134,65.419,65.686,65.927,66.139,66.322,66.481
Panama,"Life expectancy at birth, total (years)",76.114,76.285,76.46,76.641,76.828,77.021,77.216,77.413,77.61,77.806,78.001
Peru,"Life expectancy at birth, total (years)",72.764,73.023,73.258,73.475,73.681,73.883,74.088,74.298,74.518,74.747,74.983
Philippines,"Life expectancy at birth, total (years)",67.892,68,68.105,68.211,68.32,68.433,68.553,68.68,68.813,68.951,69.094
Palau,"Life expectancy at birth, total (years)",,,,,,,,,,,
Papua New Guinea,"Life expectancy at birth, total (years)",63.733,64.006,64.247,64.455,64.634,64.791,64.937,65.082,65.23,65.384,65.544
Poland,"Life expectancy at birth, total (years)",75.14390244,75.24390244,75.54390244,75.69512195,76.24634146,76.69512195,76.74634146,77,77.60243902,77.45121951,77.45121951
Pre-demographic dividend,"Life expectancy at birth, total (years)",54.25412331,54.95863186,55.64972315,56.31424917,56.94126383,57.526315,58.07524658,58.59298474,59.07923586,59.53466941,59.96143906
Puerto Rico,"Life expectancy at birth, total (years)",78.41634146,78.42585366,77.9034878,78.14980488,78.40817073,78.67119512,78.92641463,79.16739024,79.39012195,79.59612195,79.78831707
"Korea, Dem. People’s Rep.","Life expectancy at birth, total (years)",68.54,68.676,68.886,69.187,69.572,70.011,70.448,70.842,71.179,71.457,71.685
Portugal,"Life expectancy at birth, total (years)",78.4195122,78.32195122,78.52439024,78.72682927,79.02682927,80.47073171,80.37317073,80.72195122,81.12195122,81.12439024,81.12682927
Paraguay,"Life expectancy at birth, total (years)",71.485,71.686,71.887,72.089,72.285,72.47,72.638,72.786,72.913,73.023,73.12
West Bank and Gaza,"Life expectancy at birth, total (years)",71.773,71.942,72.11,72.277,72.444,72.613,72.783,72.954,73.126,73.299,73.473
Pacific island small states,"Life expectancy at birth, total (years)",68.43121752,68.70593424,68.97834924,69.24902687,69.51435259,69.7727486,70.02020209,70.25639826,70.48014766,70.69238368,70.89537639
Post-demographic dividend,"Life expectancy at birth, total (years)",78.75901833,79.01509575,79.15826703,79.48015622,79.68912866,79.95802286,80.09020016,80.27505862,80.5364101,80.40811323,80.45652428
French Polynesia,"Life expectancy at birth, total (years)",74.486,74.818,75.123,75.397,75.643,75.862,76.065,76.257,76.444,76.628,76.813
Qatar,"Life expectancy at birth, total (years)",76.843,76.94,77.049,77.169,77.301,77.443,77.59,77.739,77.888,78.036,78.184
Romania,"Life expectancy at birth, total (years)",72.16341463,72.56585366,72.56585366,73.3097561,73.45853659,74.4097561,74.41219512,75.06341463,74.96097561,75.01219512,75.01219512
Russian Federation,"Life expectancy at birth, total (years)",66.72756098,67.58682927,67.94926829,68.68463415,68.84121951,69.68390244,70.07219512,70.57878049,70.74365854,71.16829268,71.59292683
Rwanda,"Life expectancy at birth, total (years)",57.219,58.971,60.565,61.962,63.14,64.106,64.911,65.598,66.188,66.696,67.129
South Asia,"Life expectancy at birth, total (years)",65.23711423,65.63646252,66.03714858,66.43652927,66.8267569,67.20119624,67.55372165,67.88114502,68.18108159,68.45652588,68.71053305
Saudi Arabia,"Life expectancy at birth, total (years)",73.176,73.245,73.331,73.44,73.574,73.73,73.896,74.066,74.234,74.4,74.561
Sudan,"Life expectancy at birth, total (years)",60.854,61.3,61.749,62.193,62.62,63.019,63.384,63.712,64.002,64.257,64.486
Senegal,"Life expectancy at birth, total (years)",61.263,62.008,62.755,63.485,64.177,64.814,65.393,65.914,66.376,66.784,67.146
Singapore,"Life expectancy at birth, total (years)",80.14146341,80.44146341,80.7902439,81.24146341,81.54146341,81.74390244,81.99512195,82.24634146,82.49512195,82.74390244,82.79512195
Solomon Islands,"Life expectancy at birth, total (years)",66.635,67.147,67.641,68.118,68.572,69.001,69.4,69.771,70.113,70.43,70.726
Sierra Leone,"Life expectancy at birth, total (years)",44.566,45.5,46.432,47.348,48.224,49.034,49.762,50.401,50.951,51.423,51.835
El Salvador,"Life expectancy at birth, total (years)",70.668,70.98,71.291,71.599,71.902,72.195,72.479,72.753,73.015,73.267,73.512
San Marino,"Life expectancy at birth, total (years)",,,,,,,85.41707317,,,,
Somalia,"Life expectancy at birth, total (years)",52.666,52.996,53.323,53.652,53.986,54.332,54.694,55.072,55.467,55.876,56.293
Serbia,"Life expectancy at birth, total (years)",73.38536585,73.63170732,73.88536585,73.98536585,74.33658537,74.53658537,74.83658537,75.18536585,75.33658537,75.28780488,75.23902439
Sub-Saharan Africa (excluding high income),"Life expectancy at birth, total (years)",53.85755444,54.63957847,55.42823167,56.2025929,56.94228256,57.63530314,58.28241288,58.8831983,59.4352274,59.93780952,60.3935628
South Sudan,"Life expectancy at birth, total (years)",51.627,52.095,52.591,53.113,53.655,54.206,54.756,55.294,55.817,56.322,56.811
Sub-Saharan Africa,"Life expectancy at birth, total (years)",53.85952794,54.64152426,55.43008756,56.20431854,56.94394527,57.63676591,58.28393628,58.88454237,59.43651461,59.93914297,60.39483799
Small states,"Life expectancy at birth, total (years)",64.53557759,65.04106264,65.58405447,66.13974437,66.64690879,67.11005467,67.55209553,67.93393438,68.27573043,68.59603076,68.86859922
Sao Tome and Principe,"Life expectancy at birth, total (years)",64.956,65.248,65.5,65.709,65.875,66.008,66.125,66.241,66.361,66.488,66.624
Suriname,"Life expectancy at birth, total (years)",69.089,69.422,69.749,70.057,70.335,70.578,70.79,70.976,71.138,71.279,71.405
Slovak Republic,"Life expectancy at birth, total (years)",74.20487805,74.20731707,74.70487805,74.9097561,75.11219512,75.95853659,76.1097561,76.41219512,76.81219512,76.56341463,76.56341463
Slovenia,"Life expectancy at birth, total (years)",78.08658537,78.56097561,78.76585366,78.97073171,79.42195122,79.97073171,80.12439024,80.32195122,81.07804878,80.77560976,80.77560976
Sweden,"Life expectancy at birth, total (years)",80.74878049,80.9,81.1,81.35121951,81.45121951,81.80243902,81.70487805,81.95609756,82.25365854,82.20487805,82.20487805
Swaziland,"Life expectancy at birth, total (years)",46.846,47.805,48.969,50.26,51.598,52.912,54.158,55.296,56.287,57.107,57.754
Sint Maarten (Dutch part),"Life expectancy at birth, total (years)",,74.54390244,74.53658537,75.58780488,,,73.05365854,,,,
Seychelles,"Life expectancy at birth, total (years)",72.21707317,73.14390244,73.16341463,73.08292683,73.19756098,72.72439024,74.27560976,73.1195122,73.22926829,74.29512195,74.3097561
Syrian Arab Republic,"Life expectancy at birth, total (years)",74.412,74.152,73.648,72.939,72.108,71.27,70.549,70.046,69.817,69.904,70.31
Turks and Caicos Islands,"Life expectancy at birth, total (years)",,,,,,,,,,,
Chad,"Life expectancy at birth, total (years)",48.349,48.729,49.182,49.691,50.233,50.778,51.3,51.778,52.204,52.575,52.903
East Asia & Pacific (IDA & IBRD countries),"Life expectancy at birth, total (years)",72.64681099,72.89435067,73.12349974,73.335636,73.53187396,73.71538372,73.88869261,74.05343078,74.21390768,74.37106401,74.527656
Europe & Central Asia (IDA & IBRD countries),"Life expectancy at birth, total (years)",69.66854964,70.13422053,70.42613389,70.98135017,71.3026994,71.85356266,72.15213634,72.52988582,72.76480102,72.99199819,73.24904082
Togo,"Life expectancy at birth, total (years)",55.048,55.578,56.174,56.814,57.465,58.092,58.668,59.174,59.601,59.949,60.232
Thailand,"Life expectancy at birth, total (years)",72.534,72.915,73.279,73.617,73.923,74.197,74.446,74.678,74.895,75.103,75.303
Tajikistan,"Life expectancy at birth, total (years)",68.052,68.487,68.902,69.29,69.644,69.958,70.234,70.477,70.69,70.879,71.051
Turkmenistan,"Life expectancy at birth, total (years)",65.354,65.695,66.031,66.355,66.657,66.928,67.167,67.375,67.552,67.704,67.835
Latin America & the Caribbean (IDA & IBRD countries),"Life expectancy at birth, total (years)",73.09968836,73.35471307,73.60592727,73.85486873,74.10007589,74.34115255,74.575218,74.80115875,75.01968607,75.23120107,75.43739896
Timor-Leste,"Life expectancy at birth, total (years)",65.068,65.842,66.472,66.956,67.313,67.578,67.805,68.033,68.285,68.569,68.881
Middle East & North Africa (IDA & IBRD countries),"Life expectancy at birth, total (years)",70.84669595,71.08947598,71.31988557,71.5379884,71.7468881,71.95173083,72.156869,72.36456741,72.57224343,72.77948414,72.98598886
Tonga,"Life expectancy at birth, total (years)",71.639,71.773,71.906,72.039,72.173,72.308,72.446,72.588,72.732,72.88,73.029
South Asia (IDA & IBRD),"Life expectancy at birth, total (years)",65.23711423,65.63646252,66.03714858,66.43652927,66.8267569,67.20119624,67.55372165,67.88114502,68.18108159,68.45652588,68.71053305
Sub-Saharan Africa (IDA & IBRD countries),"Life expectancy at birth, total (years)",53.85952794,54.64152426,55.43008756,56.20431854,56.94394527,57.63676591,58.28393628,58.88454237,59.43651461,59.93914297,60.39483799
Trinidad and Tobago,"Life expectancy at birth, total (years)",69.06,69.214,69.384,69.567,69.756,69.942,70.118,70.28,70.426,70.556,70.673
Tunisia,"Life expectancy at birth, total (years)",74.352,74.483,74.595,74.695,74.793,74.9,75.023,75.167,75.335,75.525,75.731
Turkey,"Life expectancy at birth, total (years)",72.866,73.219,73.549,73.859,74.154,74.437,74.711,74.977,75.239,75.498,75.755
Tuvalu,"Life expectancy at birth, total (years)",,,,,,,,,,,
Tanzania,"Life expectancy at birth, total (years)",57.218,58.209,59.156,60.048,60.893,61.713,62.528,63.348,64.163,64.95,65.675
Uganda,"Life expectancy at birth, total (years)",53.681,54.66,55.574,56.409,57.153,57.796,58.347,58.819,59.224,59.575,59.889
Ukraine,"Life expectancy at birth, total (years)",68.07756098,68.22219512,68.25146341,69.19,70.26536585,70.80926829,70.94414634,71.1595122,71.18658537,71.1895122,71.47634146
Upper middle income,"Life expectancy at birth, total (years)",72.8295434,73.14221657,73.41329549,73.70892901,73.94733604,74.230756,74.47358939,74.71661382,74.92481211,75.13541042,75.33752445
Uruguay,"Life expectancy at birth, total (years)",75.961,76.124,76.282,76.436,76.588,76.739,76.89,77.04,77.19,77.341,77.493
United States,"Life expectancy at birth, total (years)",77.68780488,77.98780488,78.03902439,78.3902439,78.54146341,78.64146341,78.74146341,78.74146341,78.84146341,78.6902439,78.6902439
Uzbekistan,"Life expectancy at birth, total (years)",68.663,68.982,69.319,69.665,70.005,70.322,70.604,70.844,71.039,71.192,71.314
St. Vincent and the Grenadines,"Life expectancy at birth, total (years)",71.446,71.683,71.914,72.13,72.327,72.501,72.657,72.802,72.935,73.06,73.179
"Venezuela, RB","Life expectancy at birth, total (years)",73.235,73.327,73.419,73.516,73.625,73.748,73.885,74.035,74.196,74.367,74.545
British Virgin Islands,"Life expectancy at birth, total (years)",,,,,,,,,,,
Virgin Islands (U.S.),"Life expectancy at birth, total (years)",78.47560976,76.86097561,77.26341463,77.61463415,77.96585366,78.41707317,78.66829268,78.86829268,78.96829268,79.16829268,79.26829268
Vietnam,"Life expectancy at birth, total (years)",74.438,74.609,74.777,74.946,75.117,75.294,75.476,75.663,75.855,76.052,76.253
Vanuatu,"Life expectancy at birth, total (years)",69.541,69.852,70.152,70.442,70.721,70.988,71.241,71.481,71.709,71.925,72.133
World,"Life expectancy at birth, total (years)",69.47497467,69.79430795,70.08346314,70.40560747,70.68293724,70.97183203,71.21533164,71.46006606,71.69402948,71.85693478,72.03526434
Samoa,"Life expectancy at birth, total (years)",71.451,71.866,72.288,72.71,73.122,73.513,73.875,74.206,74.504,74.77,75.013
Kosovo,"Life expectancy at birth, total (years)",68.94634146,69.19756098,69.39756098,69.64878049,69.9,70.14878049,70.49756098,70.79756098,71.09756098,71.34634146,71.64634146
"Yemen, Rep.","Life expectancy at birth, total (years)",62.205,62.552,62.888,63.208,63.508,63.786,64.046,64.291,64.523,64.743,64.953
South Africa,"Life expectancy at birth, total (years)",52.614,53.01,53.72,54.701,55.888,57.201,58.545,59.83,60.993,61.981,62.774
Zambia,"Life expectancy at birth, total (years)",50.929,52.313,53.749,55.194,56.588,57.872,59.011,59.982,60.775,61.397,61.874
Zimbabwe,"Life expectancy at birth, total (years)",46.344,47.719,49.337,51.122,52.975,54.8,56.516,58.053,59.36,60.398,61.163
